date,symbol,Short Percentage Of Float
01/12/04,A,1.95
01/12/04,AAME,0.03
01/12/04,AAON,0.3
01/12/04,AAP,3.66
01/12/04,AAPL,3.82
01/12/04,AB,1.61
01/12/04,ABAX,3.82
01/12/04,ABC,4.88
01/12/04,ABCB,0.26
01/12/04,ABCO,6.54
01/12/04,ABEO,1
01/12/04,ABG,0.37
01/12/04,ABIO,0.57
01/12/04,ABM,1.05
01/12/04,ABMD,7.86
01/12/04,ABT,0.38
01/12/04,ABTL,3.11
01/12/04,ACAS,10.99
01/12/04,ACAT,1.62
01/12/04,ACET,1.84
01/12/04,ACFN,0.02
01/12/04,ACGL,1.5
01/12/04,ACIW,1.35
01/12/04,ACLS,2.19
01/12/04,ACN,0.43
01/12/04,ACTA,1.21
01/12/04,ACTG,0.85
01/12/04,ACU,0.28
01/12/04,ACXM,5.67
01/12/04,ACY,0.05
01/12/04,ADAT,13.86
01/12/04,ADBE,4.39
01/12/04,ADC,0.18
01/12/04,ADI,1.78
01/12/04,ADM,0.59
01/12/04,ADMP,0.56
01/12/04,ADP,1.09
01/12/04,ADS,1.22
01/12/04,ADSK,1.58
01/12/04,ADTN,7.49
01/12/04,ADVS,5.04
01/12/04,AEE,2.35
01/12/04,AEGN,10.29
01/12/04,AEHR,0.2
01/12/04,AEIS,7.41
01/12/04,AEL,1.07
01/12/04,AEO,8.23
01/12/04,AEP,3.47
01/12/04,AEPI,0.76
01/12/04,AES,1.45
01/12/04,AET,1.52
01/12/04,AETI,0.96
01/12/04,AF,2.83
01/12/04,AFAM,0.09
01/12/04,AFFX,16.56
01/12/04,AFG,3.05
01/12/04,AFL,0.75
01/12/04,AGCO,6.92
01/12/04,AGEN,19.91
01/12/04,AGII,0.34
01/12/04,AGN,4.29
01/12/04,AGYS,3.35
01/12/04,AHL,0.13
01/12/04,AHPI,0.01
01/12/04,AHT,0.04
01/12/04,AI,1.38
01/12/04,AIG,0.92
01/12/04,AIN,1.61
01/12/04,AIQ,0.7
01/12/04,AIR,2.22
01/12/04,AIRM,2.07
01/12/04,AIRT,0.11
01/12/04,AIT,0.4
01/12/04,AIV,2.2
01/12/04,AJG,4.04
01/12/04,AJRD,3.95
01/12/04,AKAM,8.88
01/12/04,AKR,0.37
01/12/04,AKS,3.86
01/12/04,ALCO,0.34
01/12/04,ALE,0.58
01/12/04,ALG,0.13
01/12/04,ALGN,3.2
01/12/04,ALK,12.18
01/12/04,ALKS,4.68
01/12/04,ALL,1.1
01/12/04,ALOG,1.52
01/12/04,ALOT,0.03
01/12/04,ALR,1.29
01/12/04,ALTI,3.79
01/12/04,ALTR,3.3
01/12/04,ALTV,0.24
01/12/04,ALX,1.33
01/12/04,ALXN,5.87
01/12/04,AMAG,6.27
01/12/04,AMAT,1.88
01/12/04,AMCC,1.97
01/12/04,AMD,11.41
01/12/04,AME,1.38
01/12/04,AMED,2.83
01/12/04,AMG,6.59
01/12/04,AMGN,1.64
01/12/04,AMIC,0.33
01/12/04,AMKR,1.46
01/12/04,AMN,14.79
01/12/04,AMNB,0.3
01/12/04,AMOT,0.02
01/12/04,AMPH,0.89
01/12/04,AMRB,0.17
01/12/04,AMRI,8.64
01/12/04,AMS,0.11
01/12/04,AMSC,10.35
01/12/04,AMSWA,0.49
01/12/04,AMT,6.25
01/12/04,AMTD,2.38
01/12/04,AMWD,3.72
01/12/04,AMZN,8.46
01/12/04,AN,3.7
01/12/04,ANAD,3.23
01/12/04,ANAT,0.1
01/12/04,ANDE,0.03
01/12/04,ANF,5.86
01/12/04,ANH,1.23
01/12/04,ANIK,0.21
01/12/04,ANIP,0.06
01/12/04,ANN,5.51
01/12/04,ANSS,2
01/12/04,ANTM,11.61
01/12/04,AOI,0.4
01/12/04,AON,2.51
01/12/04,AOS,1.93
01/12/04,AP,0.18
01/12/04,APA,2.46
01/12/04,APAGF,0.04
01/12/04,APC,1.77
01/12/04,APD,0.75
01/12/04,APH,2.06
01/12/04,APL,0.2
01/12/04,APOG,1.31
01/12/04,APOL,2.08
01/12/04,APRI,0.99
01/12/04,APU,0.1
01/12/04,ARCB,2.42
01/12/04,ARDM,4.37
01/12/04,ARE,1.66
01/12/04,ARG,2.66
01/12/04,ARIA,2.04
01/12/04,ARKR,0.05
01/12/04,ARL,0.17
01/12/04,ARLP,0.09
01/12/04,ARLZ,1.04
01/12/04,ARNA,1.53
01/12/04,ARQL,0.98
01/12/04,ARRS,7.5
01/12/04,ARRY,1.11
01/12/04,ARTW,0.05
01/12/04,ARTX,6.02
01/12/04,ARW,2.38
01/12/04,ASB,0.75
01/12/04,ASBI,0.02
01/12/04,ASEI,3.75
01/12/04,ASFI,0.6
01/12/04,ASGN,1.98
01/12/04,ASH,2.52
01/12/04,ASNA,0.95
01/12/04,ASRV,0.01
01/12/04,ASTC,1.83
01/12/04,ASTE,0.82
01/12/04,ASUR,0.36
01/12/04,ASYS,0.12
01/12/04,ATEA,0.05
01/12/04,ATI,4.18
01/12/04,ATLC,3.51
01/12/04,ATML,1.28
01/12/04,ATNI,0.32
01/12/04,ATO,3.22
01/12/04,ATR,0.66
01/12/04,ATRI,0.43
01/12/04,ATRM,0.04
01/12/04,ATRO,0.12
01/12/04,ATTU,0.21
01/12/04,ATU,4.99
01/12/04,ATVI,3.6
01/12/04,ATW,6.17
01/12/04,AUDC,1.69
01/12/04,AUMN,5.01
01/12/04,AVA,3.41
01/12/04,AVB,3.47
01/12/04,AVD,0.64
01/12/04,AVHI,0.45
01/12/04,AVIR,1.57
01/12/04,AVNR,2.79
01/12/04,AVP,1.35
01/12/04,AVT,2.24
01/12/04,AVX,1.75
01/12/04,AVY,2.17
01/12/04,AWR,1.12
01/12/04,AWRE,8.05
01/12/04,AWX,0.04
01/12/04,AXAS,1.75
01/12/04,AXDX,0.28
01/12/04,AXE,5.01
01/12/04,AXL,2.2
01/12/04,AXLL,5.01
01/12/04,AXP,0.94
01/12/04,AXR,0.57
01/12/04,AXS,0.15
01/12/04,AXTI,0.42
01/12/04,AYI,2.01
01/12/04,AZO,5.4
01/12/04,AZPN,19.32
01/12/04,AZZ,0.63
01/12/04,B,1.08
01/12/04,BA,1.24
01/12/04,BABY,0.01
01/12/04,BAC,3.29
01/12/04,BAMM,0.29
01/12/04,BANC,0.11
01/12/04,BANF,0.19
01/12/04,BANR,0.4
01/12/04,BAP,0.09
01/12/04,BASI,0.12
01/12/04,BAX,1.29
01/12/04,BBBY,1.88
01/12/04,BBGI,0.16
01/12/04,BBOX,16.63
01/12/04,BBSI,0.06
01/12/04,BBT,1.51
01/12/04,BBX,1.04
01/12/04,BBY,2.73
01/12/04,BC,1.43
01/12/04,BCO,1.51
01/12/04,BCOR,2.28
01/12/04,BCPC,0.05
01/12/04,BCR,1.45
01/12/04,BCRX,0.5
01/12/04,BDC,8.71
01/12/04,BDE,0.92
01/12/04,BDMS,0.01
01/12/04,BDN,0.42
01/12/04,BDR,0.09
01/12/04,BDSI,0.34
01/12/04,BDX,0.71
01/12/04,BEAV,3.31
01/12/04,BEBE,5.11
01/12/04,BEL,0.39
01/12/04,BELFA,0.02
01/12/04,BELFB,1.37
01/12/04,BEN,1.33
01/12/04,BF.A,0.07
01/12/04,BFS,0.26
01/12/04,BG,2.19
01/12/04,BGC,9.29
01/12/04,BGCP,0.77
01/12/04,BGFV,1.4
01/12/04,BGG,3.95
01/12/04,BH,1.98
01/12/04,BHB,0.02
01/12/04,BHE,2.9
01/12/04,BHI,1.78
01/12/04,BHLB,0.26
01/12/04,BID,6.74
01/12/04,BIG,2.32
01/12/04,BIO,2.09
01/12/04,BIOL,38.74
01/12/04,BIOS,9.31
01/12/04,BIRT,0.98
01/12/04,BJRI,8.27
01/12/04,BK,0.7
01/12/04,BKE,0.35
01/12/04,BKH,1.28
01/12/04,BKMU,1.56
01/12/04,BKS,4.51
01/12/04,BKSC,0.31
01/12/04,BLK,1.06
01/12/04,BLL,1.73
01/12/04,BLT,0.11
01/12/04,BLX,0.14
01/12/04,BMI,0.04
01/12/04,BMRC,0.24
01/12/04,BMRN,3.36
01/12/04,BMS,1.63
01/12/04,BMTC,1.41
01/12/04,BMY,0.88
01/12/04,BNCN,0.06
01/12/04,BNSO,1.74
01/12/04,BOBE,1.9
01/12/04,BOH,1.52
01/12/04,BOKF,0.11
01/12/04,BOLT,0.13
01/12/04,BONT,1.38
01/12/04,BOSC,0.03
01/12/04,BPFH,12.07
01/12/04,BPL,0.84
01/12/04,BPOP,0.52
01/12/04,BPT,3.49
01/12/04,BRC,0.37
01/12/04,BRCD,2.47
01/12/04,BRCM,3.99
01/12/04,BREW,2.72
01/12/04,BRID,0.2
01/12/04,BRK.B,0.07
01/12/04,BRKL,6.84
01/12/04,BRKR,0.64
01/12/04,BRKS,4.54
01/12/04,BRLI,0.93
01/12/04,BRN,0.46
01/12/04,BRO,5.35
01/12/04,BRS,2
01/12/04,BRT,0.22
01/12/04,BSET,1.18
01/12/04,BSF,0.03
01/12/04,BSQR,0.27
01/12/04,BSRR,0.26
01/12/04,BSX,2.64
01/12/04,BTH,1.89
01/12/04,BTUI,0.03
01/12/04,BTX,3.28
01/12/04,BUSE,0.92
01/12/04,BVSN,9.31
01/12/04,BVX,0.07
01/12/04,BWA,4.58
01/12/04,BWINA,0.01
01/12/04,BWLD,0.69
01/12/04,BXP,1.02
01/12/04,BXS,0.18
01/12/04,BYBK,0.03
01/12/04,BYD,4.26
01/12/04,BYFC,0.06
01/12/04,BYI,5.25
01/12/04,BZC,0.43
01/12/04,BZH,20.33
01/12/04,C,0.77
01/12/04,CA,2.78
01/12/04,CAA,2.73
01/12/04,CAC,0.41
01/12/04,CACB,2.6
01/12/04,CACC,2.39
01/12/04,CACH,0.26
01/12/04,CACI,2.29
01/12/04,CAG,1.48
01/12/04,CAH,2.56
01/12/04,CAKE,13.45
01/12/04,CAL,1.78
01/12/04,CALD,0.4
01/12/04,CALM,10.13
01/12/04,CAM,2.11
01/12/04,CAMP,1.52
01/12/04,CAMT,0.02
01/12/04,CAR,3.94
01/12/04,CARV,0.02
01/12/04,CASC,2.01
01/12/04,CASI,11.39
01/12/04,CASS,0.03
01/12/04,CASY,1.8
01/12/04,CAT,2.39
01/12/04,CATO,2.3
01/12/04,CATY,0.92
01/12/04,CAW,0.02
01/12/04,CB,1.32
01/12/04,CBAN,0.02
01/12/04,CBB,2.32
01/12/04,CBI,0.74
01/12/04,CBK,4.36
01/12/04,CBL,0.89
01/12/04,CBM,2.58
01/12/04,CBMX,2.65
01/12/04,CBRL,3.87
01/12/04,CBSH,0.76
01/12/04,CBST,14.33
01/12/04,CBT,1.22
01/12/04,CBU,0.83
01/12/04,CBZ,0.17
01/12/04,CCBG,1.53
01/12/04,CCC,2.84
01/12/04,CCE,1.23
01/12/04,CCF,0.03
01/12/04,CCI,2.87
01/12/04,CCK,1.52
01/12/04,CCL,1.7
01/12/04,CCMP,24.8
01/12/04,CCNE,2.12
01/12/04,CCOI,0.31
01/12/04,CCRN,14.62
01/12/04,CCUR,2.51
01/12/04,CDE,4.54
01/12/04,CDI,1.78
01/12/04,CDNS,5.49
01/12/04,CDR,0.12
01/12/04,CEB,5.4
01/12/04,CECE,0.01
01/12/04,CECO,6.17
01/12/04,CELG,6.19
01/12/04,CENT,2.25
01/12/04,CENX,1.76
01/12/04,CEQP,0.58
01/12/04,CERN,17.33
01/12/04,CERS,3.91
01/12/04,CETV,2.38
01/12/04,CEVA,0.66
01/12/04,CFBK,0.05
01/12/04,CFCB,0.01
01/12/04,CFFI,0.73
01/12/04,CFFN,1.71
01/12/04,CFI,1.19
01/12/04,CFNB,0.14
01/12/04,CFNL,1.27
01/12/04,CFR,0.67
01/12/04,CGEN,0.14
01/12/04,CGI,0.16
01/12/04,CGNT,0.27
01/12/04,CGNX,1.13
01/12/04,CHCO,1.35
01/12/04,CHD,2.19
01/12/04,CHDN,0.49
01/12/04,CHDX,1.8
01/12/04,CHE,2.54
01/12/04,CHFC,0.25
01/12/04,CHFN,0.49
01/12/04,CHH,0.5
01/12/04,CHK,5.84
01/12/04,CHKE,2.56
01/12/04,CHKP,2.8
01/12/04,CHMT,1.11
01/12/04,CHRW,1.76
01/12/04,CHS,21.95
01/12/04,CI,1.15
01/12/04,CIA,0.34
01/12/04,CIDM,0.09
01/12/04,CIEN,3.48
01/12/04,CIMT,0.16
01/12/04,CINF,1.28
01/12/04,CIR,0.27
01/12/04,CIVB,0.44
01/12/04,CIZN,0.08
01/12/04,CKEC,1.47
01/12/04,CKH,3.71
01/12/04,CKP,6.1
01/12/04,CKSW,0.07
01/12/04,CKX,0.17
01/12/04,CL,1.5
01/12/04,CLB,0.09
01/12/04,CLC,0.43
01/12/04,CLCT,0.08
01/12/04,CLDX,5.6
01/12/04,CLF,7.39
01/12/04,CLFD,0.12
01/12/04,CLGX,3.63
01/12/04,CLH,10.56
01/12/04,CLI,2.12
01/12/04,CLSN,0.62
01/12/04,CLWT,0.08
01/12/04,CLX,1.43
01/12/04,CMA,2.27
01/12/04,CMC,0.8
01/12/04,CMCO,0.38
01/12/04,CMCSA,1.5
01/12/04,CMCT,1.68
01/12/04,CME,6.38
01/12/04,CMI,4.31
01/12/04,CMLS,3.64
01/12/04,CMO,16.58
01/12/04,CMP,0.24
01/12/04,CMS,8.24
01/12/04,CMT,0.01
01/12/04,CMTL,5.26
01/12/04,CNA,1.1
01/12/04,CNBKA,0.24
01/12/04,CNC,6.28
01/12/04,CNL,16.83
01/12/04,CNMD,1.99
01/12/04,CNO,3.1
01/12/04,CNOB,1.05
01/12/04,CNP,4.53
01/12/04,CNQR,7.36
01/12/04,CNTY,0.01
01/12/04,CNVR,1.45
01/12/04,CNW,1.92
01/12/04,CNX,9.83
01/12/04,CNXN,0.83
01/12/04,COB,0.32
01/12/04,COBR,0.28
01/12/04,COBZ,0.38
01/12/04,COF,6.84
01/12/04,COG,2.37
01/12/04,COH,2.13
01/12/04,COHR,3.06
01/12/04,COHU,1.35
01/12/04,COKE,0.56
01/12/04,COL,1.29
01/12/04,COLB,0.39
01/12/04,COLM,1.77
01/12/04,CONN,0.61
01/12/04,COO,9.15
01/12/04,COP,0.94
01/12/04,COST,2.97
01/12/04,CPB,2.41
01/12/04,CPE,1.33
01/12/04,CPF,1.22
01/12/04,CPHC,0.05
01/12/04,CPHD,3.67
01/12/04,CPK,0.23
01/12/04,CPRT,1.75
01/12/04,CPSI,2.4
01/12/04,CPSS,0.75
01/12/04,CPST,1.75
01/12/04,CPT,1.35
01/12/04,CPWR,1.1
01/12/04,CQB,9
01/12/04,CR,2.75
01/12/04,CRAI,1.13
01/12/04,CRAY,9.23
01/12/04,CRD.A,0.32
01/12/04,CRDS,0.66
01/12/04,CREE,30.01
01/12/04,CRI,0.5
01/12/04,CRIS,1.37
01/12/04,CRK,4.08
01/12/04,CRL,3.86
01/12/04,CRMT,3.99
01/12/04,CRNT,0.17
01/12/04,CRR,2.37
01/12/04,CRRC,1.13
01/12/04,CRS,1
01/12/04,CRT,0.76
01/12/04,CRTN,0.05
01/12/04,CRUS,2.2
01/12/04,CRV,0.15
01/12/04,CRVL,1.01
01/12/04,CRWN,0.98
01/12/04,CRY,22.5
01/12/04,CRZO,1.68
01/12/04,CSCO,1.2
01/12/04,CSFL,0.01
01/12/04,CSGP,6.75
01/12/04,CSGS,2.1
01/12/04,CSH,1.1
01/12/04,CSL,1.12
01/12/04,CSPI,0.01
01/12/04,CSS,0.15
01/12/04,CSU,0.13
01/12/04,CSV,0.39
01/12/04,CSWC,0.02
01/12/04,CSX,1.61
01/12/04,CTAS,4.27
01/12/04,CTB,1.76
01/12/04,CTBI,0.19
01/12/04,CTG,0.01
01/12/04,CTHR,1.19
01/12/04,CTIB,0.01
01/12/04,CTIC,5.32
01/12/04,CTL,1.82
01/12/04,CTO,0.38
01/12/04,CTS,2.16
01/12/04,CTSH,4.31
01/12/04,CTWS,0.19
01/12/04,CTXS,3.85
01/12/04,CUB,4.22
01/12/04,CUO,0.35
01/12/04,CUZ,0.86
01/12/04,CVA,0.07
01/12/04,CVBF,1.18
01/12/04,CVC,8.12
01/12/04,CVCO,2.92
01/12/04,CVD,3.15
01/12/04,CVG,2.13
01/12/04,CVGW,0.1
01/12/04,CVLY,0.09
01/12/04,CVM,1.16
01/12/04,CVO,0.82
01/12/04,CVS,1.54
01/12/04,CVTI,0.37
01/12/04,CVU,0.06
01/12/04,CVX,0.95
01/12/04,CW,3.23
01/12/04,CWBC,0.02
01/12/04,CWCO,0.17
01/12/04,CWEI,0.81
01/12/04,CWST,1.03
01/12/04,CWT,1.96
01/12/04,CXW,0.43
01/12/04,CY,13.87
01/12/04,CYAN,0.09
01/12/04,CYBE,0.31
01/12/04,CYH,1.23
01/12/04,CYN,1.53
01/12/04,CYT,0.95
01/12/04,CYTR,2.44
01/12/04,D,1.58
01/12/04,DAIO,0.02
01/12/04,DAKT,3.48
01/12/04,DAR,0.32
01/12/04,DAVE,0.21
01/12/04,DBD,1.09
01/12/04,DCI,1.68
01/12/04,DCO,0.48
01/12/04,DCOM,1.5
01/12/04,DCTH,4.48
01/12/04,DD,0.94
01/12/04,DDD,0.56
01/12/04,DDE,0.15
01/12/04,DDR,1.14
01/12/04,DDS,6.07
01/12/04,DE,0.92
01/12/04,DECK,5.36
01/12/04,DEL,0.83
01/12/04,DEPO,2.82
01/12/04,DEST,1.39
01/12/04,DF,1.47
01/12/04,DFBG,2.47
01/12/04,DGAS,0.37
01/12/04,DGICA,0.24
01/12/04,DGII,0.96
01/12/04,DGSE,0.02
01/12/04,DGX,5.8
01/12/04,DHI,3.67
01/12/04,DHIL,0.07
01/12/04,DHR,3.64
01/12/04,DIN,3.89
01/12/04,DIOD,0.41
01/12/04,DIS,2.38
01/12/04,DISH,1.96
01/12/04,DIT,0.09
01/12/04,DJCO,0.01
01/12/04,DKS,4.46
01/12/04,DLA,0.2
01/12/04,DLTR,3.41
01/12/04,DLX,7.24
01/12/04,DMLP,0.04
01/12/04,DNB,0.49
01/12/04,DNR,0.72
01/12/04,DO,6.18
01/12/04,DORM,0.09
01/12/04,DOV,1.66
01/12/04,DOW,1.29
01/12/04,DOX,1.42
01/12/04,DPW,0.11
01/12/04,DRAM,0.02
01/12/04,DRE,0.84
01/12/04,DRI,2.77
01/12/04,DRIV,8.14
01/12/04,DRQ,0.99
01/12/04,DRRX,9.34
01/12/04,DS,1.12
01/12/04,DSPG,0.73
01/12/04,DST,6.3
01/12/04,DSWL,0.38
01/12/04,DTE,2.28
01/12/04,DTLK,0.12
01/12/04,DTRM,0.14
01/12/04,DTSI,0.84
01/12/04,DUK,3.52
01/12/04,DV,4.6
01/12/04,DVA,1.16
01/12/04,DVD,0.07
01/12/04,DVN,1.77
01/12/04,DWCH,0.07
01/12/04,DX,0.4
01/12/04,DXLG,8.34
01/12/04,DXPE,0.01
01/12/04,DXR,0.25
01/12/04,DXYN,0.87
01/12/04,DY,4.21
01/12/04,DYAX,0.52
01/12/04,DYNT,0.06
01/12/04,DZSI,0.8
01/12/04,EA,4.6
01/12/04,EAC,0.33
01/12/04,EAT,3.74
01/12/04,EBAY,5.19
01/12/04,EBF,0.44
01/12/04,EBIX,0.49
01/12/04,ECL,1.24
01/12/04,ECOL,0.14
01/12/04,ECPG,0.02
01/12/04,ECTE,5.63
01/12/04,ED,3.71
01/12/04,EDE,2.25
01/12/04,EDGW,0.21
01/12/04,EDUC,0.03
01/12/04,EE,1.42
01/12/04,EEFT,2.43
01/12/04,EEI,0.04
01/12/04,EEP,0.27
01/12/04,EEQ,1.34
01/12/04,EFII,2.83
01/12/04,EFOI,0.62
01/12/04,EFX,3.15
01/12/04,EGAN,0.45
01/12/04,EGAS,0.16
01/12/04,EGBN,0.05
01/12/04,EGHT,11.06
01/12/04,EGN,1.3
01/12/04,EGOV,1.36
01/12/04,EGP,1.56
01/12/04,EIX,1.96
01/12/04,EL,1.46
01/12/04,ELGX,0.04
01/12/04,ELNK,4.97
01/12/04,ELON,6.06
01/12/04,ELRC,0.23
01/12/04,ELS,2.02
01/12/04,ELSE,0.06
01/12/04,ELX,5.63
01/12/04,ELY,8.66
01/12/04,EMAN,2.26
01/12/04,EMC,1.29
01/12/04,EMCI,0.08
01/12/04,EME,10.9
01/12/04,EMKR,2.93
01/12/04,EML,0.05
01/12/04,EMMS,5.29
01/12/04,EMN,3.97
01/12/04,EMR,0.95
01/12/04,ENDP,2.29
01/12/04,ENG,0.01
01/12/04,ENH,0.04
01/12/04,ENLK,0.03
01/12/04,ENTG,3.83
01/12/04,ENVE,0.29
01/12/04,ENZ,8.3
01/12/04,ENZN,8
01/12/04,EOG,1.94
01/12/04,EPAX,0.22
01/12/04,EPAY,1.17
01/12/04,EPC,1.38
01/12/04,EPD,0.47
01/12/04,EPIQ,10.83
01/12/04,EPR,0.96
01/12/04,EQC,0.52
01/12/04,EQIX,1.97
01/12/04,EQR,1.58
01/12/04,EQT,1.7
01/12/04,EQY,0.42
01/12/04,ERB,0.01
01/12/04,ERIE,0.96
01/12/04,ERS,0.02
01/12/04,ES,2.9
01/12/04,ESBF,0.65
01/12/04,ESBK,0.04
01/12/04,ESC,0.15
01/12/04,ESCA,0.06
01/12/04,ESE,2.9
01/12/04,ESGR,0.17
01/12/04,ESIO,2.86
01/12/04,ESL,1
01/12/04,ESLT,0.03
01/12/04,ESMC,0.36
01/12/04,ESND,1.88
01/12/04,ESP,0.7
01/12/04,ESRX,4.67
01/12/04,ESS,3.95
01/12/04,ESV,3.25
01/12/04,ETFC,4.23
01/12/04,ETH,7.21
01/12/04,ETM,2.43
01/12/04,ETN,0.84
01/12/04,ETP,0.36
01/12/04,ETR,1.22
01/12/04,EV,1.59
01/12/04,EVBN,0.02
01/12/04,EVBS,0.68
01/12/04,EVC,0.58
01/12/04,EVHC,8.96
01/12/04,EVI,0.01
01/12/04,EVLV,3.28
01/12/04,EVOL,18.57
01/12/04,EW,3.64
01/12/04,EWBC,1.92
01/12/04,EXAC,0.77
01/12/04,EXAR,2.56
01/12/04,EXAS,13.12
01/12/04,EXC,1.01
01/12/04,EXEL,2.54
01/12/04,EXP,1.31
01/12/04,EXPD,3.47
01/12/04,EXPO,0.36
01/12/04,EXTR,5.48
01/12/04,EZCH,0.08
01/12/04,EZPW,3.36
01/12/04,F,4.51
01/12/04,FAC,0.31
01/12/04,FALC,10.12
01/12/04,FARM,0.21
01/12/04,FARO,7.65
01/12/04,FAST,6.88
01/12/04,FBC,9.74
01/12/04,FBNC,0.18
01/12/04,FBP,0.66
01/12/04,FBSS,0.24
01/12/04,FC,0.06
01/12/04,FCAP,0.03
01/12/04,FCBC,0.31
01/12/04,FCCO,0.04
01/12/04,FCCY,0.08
01/12/04,FCE.A,0.36
01/12/04,FCEL,10.11
01/12/04,FCF,0.8
01/12/04,FCFS,0.8
01/12/04,FCH,4.9
01/12/04,FCN,15.67
01/12/04,FCNCA,0.23
01/12/04,FCS,2.16
01/12/04,FCX,4.68
01/12/04,FDEF,0.15
01/12/04,FDO,1.21
01/12/04,FDP,7.96
01/12/04,FDS,11.9
01/12/04,FDX,1.22
01/12/04,FE,1.89
01/12/04,FEIC,7.15
01/12/04,FEIM,0.25
01/12/04,FELE,0.19
01/12/04,FFBC,1.05
01/12/04,FFG,0.29
01/12/04,FFIC,0.86
01/12/04,FFIN,0.27
01/12/04,FFIV,5.11
01/12/04,FFKT,0.27
01/12/04,FFKY,0.48
01/12/04,FGP,0.31
01/12/04,FHN,5.98
01/12/04,FICO,4.74
01/12/04,FII,1.19
01/12/04,FINL,6
01/12/04,FIS,1.07
01/12/04,FISI,0.82
01/12/04,FISV,3.34
01/12/04,FITB,1.33
01/12/04,FIX,0.26
01/12/04,FIZZ,0.07
01/12/04,FL,4.49
01/12/04,FLEX,3.47
01/12/04,FLIC,0.18
01/12/04,FLIR,8.05
01/12/04,FLO,1.27
01/12/04,FLR,6.69
01/12/04,FLS,1.79
01/12/04,FLWS,0.68
01/12/04,FLXS,0.06
01/12/04,FMBI,0.39
01/12/04,FMC,2.17
01/12/04,FMD,0.05
01/12/04,FMER,1.93
01/12/04,FNB,1.76
01/12/04,FNFG,2.82
01/12/04,FNHC,2.2
01/12/04,FNLC,0.05
01/12/04,FNSR,7.84
01/12/04,FOE,5.58
01/12/04,FONR,0.25
01/12/04,FORD,0.1
01/12/04,FORM,0.58
01/12/04,FORR,0.82
01/12/04,FOSL,1.72
01/12/04,FOXA,0.45
01/12/04,FPO,0.56
01/12/04,FR,4.56
01/12/04,FRBK,0.14
01/12/04,FRED,5.93
01/12/04,FRM,0.07
01/12/04,FRME,0.45
01/12/04,FRO,0.77
01/12/04,FRPH,0.01
01/12/04,FRS,0.22
01/12/04,FRT,1.02
01/12/04,FSBK,1.2
01/12/04,FSS,4.2
01/12/04,FSTR,0.01
01/12/04,FSYS,7.11
01/12/04,FTEK,0.44
01/12/04,FTR,3.54
01/12/04,FUL,1.34
01/12/04,FULT,1.31
01/12/04,FUN,0.57
01/12/04,FUNC,0.2
01/12/04,FUR,0.05
01/12/04,FUSB,0.41
01/12/04,FVE,0.9
01/12/04,FWRD,1.27
01/12/04,FXEN,1.88
01/12/04,GABC,0.84
01/12/04,GAIA,0.12
01/12/04,GALT,0.2
01/12/04,GAS,0.74
01/12/04,GATX,8.04
01/12/04,GBCI,0.74
01/12/04,GBL,2.93
01/12/04,GBLI,0.07
01/12/04,GBR,0.16
01/12/04,GBX,0.22
01/12/04,GCO,6.75
01/12/04,GD,1.13
01/12/04,GDEN,3.23
01/12/04,GE,0.39
01/12/04,GEC,4.39
01/12/04,GEF,0.52
01/12/04,GEL,0.02
01/12/04,GEO,0.85
01/12/04,GEOS,0.11
01/12/04,GERN,14.49
01/12/04,GES,2.66
01/12/04,GEVA,18.25
01/12/04,GFED,0.04
01/12/04,GFF,8.64
01/12/04,GGG,0.56
01/12/04,GGP,1.3
01/12/04,GHC,0.69
01/12/04,GHM,0.04
01/12/04,GIFI,0.21
01/12/04,GIGA,0.01
01/12/04,GIGM,0.2
01/12/04,GIII,0.2
01/12/04,GILD,3.23
01/12/04,GILT,0.9
01/12/04,GIS,1.67
01/12/04,GK,0.87
01/12/04,GKNT,11.32
01/12/04,GLAD,1.76
01/12/04,GLBZ,0.09
01/12/04,GLCH,0.85
01/12/04,GLDC,0.02
01/12/04,GLNG,1
01/12/04,GLOW,0.73
01/12/04,GLT,1.44
01/12/04,GLW,3.09
01/12/04,GMCR,3.28
01/12/04,GME,3.78
01/12/04,GNCMA,0.41
01/12/04,GNTX,4.61
01/12/04,GNVC,0.99
01/12/04,GOGL,0.94
01/12/04,GOOD,0.04
01/12/04,GPC,1.82
01/12/04,GPI,5.32
01/12/04,GPIC,0.02
01/12/04,GPK,0.01
01/12/04,GPN,2.56
01/12/04,GPS,3.05
01/12/04,GPX,0.46
01/12/04,GRA,0.81
01/12/04,GRC,0.28
01/12/04,GRIF,0.35
01/12/04,GRMN,2.5
01/12/04,GROW,0.01
01/12/04,GS,2.17
01/12/04,GSBC,0.44
01/12/04,GSOL,0.01
01/12/04,GT,15.21
01/12/04,GTI,3.07
01/12/04,GTIM,0.11
01/12/04,GTIV,2.21
01/12/04,GTY,1.42
01/12/04,GV,0.1
01/12/04,GVA,3.71
01/12/04,GWR,3.03
01/12/04,GWW,1.6
01/12/04,GXP,3.07
01/12/04,GYRO,0.24
01/12/04,HA,0.6
01/12/04,HAE,3.03
01/12/04,HAFC,0.64
01/12/04,HAIN,3.01
01/12/04,HAL,2.88
01/12/04,HAR,2.09
01/12/04,HAS,2.93
01/12/04,HAST,0.18
01/12/04,HBAN,1.98
01/12/04,HBHC,0.91
01/12/04,HBIO,0.22
01/12/04,HBNC,0.13
01/12/04,HBP,0.09
01/12/04,HCBK,0.97
01/12/04,HCC,3.66
01/12/04,HCKT,0.37
01/12/04,HCN,1.48
01/12/04,HCP,2.67
01/12/04,HCSG,1.81
01/12/04,HD,1.02
01/12/04,HDNG,0.22
01/12/04,HDSN,0.44
01/12/04,HE,4.44
01/12/04,HEB,2.36
01/12/04,HEI.A,0.02
01/12/04,HELE,6.93
01/12/04,HES,4.13
01/12/04,HFBC,0.04
01/12/04,HFC,0.88
01/12/04,HFFC,0.09
01/12/04,HFWA,0.42
01/12/04,HGT,0.37
01/12/04,HH,1.01
01/12/04,HHS,0.49
01/12/04,HIBB,1.63
01/12/04,HIFS,0.31
01/12/04,HIG,2.06
01/12/04,HIHO,0.45
01/12/04,HILL,4.96
01/12/04,HIW,2.85
01/12/04,HL,6.2
01/12/04,HLIT,2.97
01/12/04,HLX,6.14
01/12/04,HME,1.47
01/12/04,HMG,0.25
01/12/04,HMN,1.87
01/12/04,HMNF,0.61
01/12/04,HMNY,0.01
01/12/04,HMSY,0.43
01/12/04,HNI,0.78
01/12/04,HNR,1.78
01/12/04,HNT,2.82
01/12/04,HOFT,0.95
01/12/04,HOG,5.69
01/12/04,HOLX,7.09
01/12/04,HON,1.25
01/12/04,HOPE,2.36
01/12/04,HOV,9.99
01/12/04,HP,4.73
01/12/04,HPQ,1.15
01/12/04,HPT,1.91
01/12/04,HR,0.8
01/12/04,HRB,3.87
01/12/04,HRC,1.03
01/12/04,HRG,0.74
01/12/04,HRL,0.42
01/12/04,HRS,1.91
01/12/04,HRTX,0.01
01/12/04,HSC,0.68
01/12/04,HSH,1.02
01/12/04,HSIC,3.1
01/12/04,HSII,7.19
01/12/04,HSKA,0.03
01/12/04,HSON,25.56
01/12/04,HST,4.54
01/12/04,HSTM,0.03
01/12/04,HSY,1.43
01/12/04,HT,0.62
01/12/04,HTBK,0.38
01/12/04,HTCH,7.94
01/12/04,HTLD,0.94
01/12/04,HTLF,0.18
01/12/04,HUBB,1.61
01/12/04,HUBG,0.21
01/12/04,HUM,1.53
01/12/04,HURC,0.09
01/12/04,HVT,0.88
01/12/04,HW,6.37
01/12/04,HWBK,0.97
01/12/04,HWKN,0.01
01/12/04,HXL,1.58
01/12/04,HZO,0.52
01/12/04,IAC,6.88
01/12/04,IART,3.59
01/12/04,IBCA,0.07
01/12/04,IBCP,1.84
01/12/04,IBKC,0.57
01/12/04,IBM,0.98
01/12/04,IBOC,0.28
01/12/04,ICAD,2.68
01/12/04,ICCC,0.09
01/12/04,ICH,0.07
01/12/04,ICON,4.66
01/12/04,ICUI,33.01
01/12/04,IDA,6.33
01/12/04,IDCC,7.21
01/12/04,IDN,13.1
01/12/04,IDRA,0.16
01/12/04,IDSA,0.21
01/12/04,IDSY,1.78
01/12/04,IDT,1.9
01/12/04,IDTI,1.45
01/12/04,IDXG,1.16
01/12/04,IDXX,5.53
01/12/04,IEP,0.03
01/12/04,IEX,3.52
01/12/04,IFF,1.32
01/12/04,IGTE,0.33
01/12/04,IHC,0.09
01/12/04,IIN,0.05
01/12/04,IIVI,0.56
01/12/04,IKNX,0.03
01/12/04,ILMN,2.15
01/12/04,IM,0.68
01/12/04,IMAX,15.79
01/12/04,IMGN,1.09
01/12/04,IMH,2.5
01/12/04,IMKTA,0.49
01/12/04,IMMR,0.59
01/12/04,IMMU,5.12
01/12/04,INAP,1.03
01/12/04,INCY,2.54
01/12/04,INDB,0.41
01/12/04,INFA,1.81
01/12/04,INFI,0.18
01/12/04,INGR,0.62
01/12/04,ININ,0.52
01/12/04,INO,0.44
01/12/04,INOD,0.55
01/12/04,INS,0.03
01/12/04,INSG,5.02
01/12/04,INSM,1.33
01/12/04,INSY,12.72
01/12/04,INT,0.9
01/12/04,INTC,1.21
01/12/04,INTG,0.02
01/12/04,INTL,0.07
01/12/04,INTT,0.08
01/12/04,INTU,4.76
01/12/04,INVE,0.76
01/12/04,INVT,0.11
01/12/04,IO,12.76
01/12/04,IONS,11.32
01/12/04,IOSP,0.36
01/12/04,IOT,0.21
01/12/04,IP,2.77
01/12/04,IPAR,1.62
01/12/04,IPAS,3.18
01/12/04,IPCC,0.71
01/12/04,IPG,7.16
01/12/04,IR,1.14
01/12/04,IRET,0.22
01/12/04,IRF,3.72
01/12/04,IRIX,0.02
01/12/04,IRM,3.69
01/12/04,ISCA,0.92
01/12/04,ISIG,3.23
01/12/04,ISIL,4.12
01/12/04,ISLE,3.92
01/12/04,ISNS,0.03
01/12/04,ISRG,3.52
01/12/04,ISRL,0.14
01/12/04,ISSC,0.79
01/12/04,ISSI,3.37
01/12/04,IT,5.46
01/12/04,ITG,4.97
01/12/04,ITGR,2.92
01/12/04,ITIC,0.17
01/12/04,ITMN,8.55
01/12/04,ITRI,12.79
01/12/04,ITT,1.55
01/12/04,ITW,1.89
01/12/04,IVAC,0.71
01/12/04,IVC,2.99
01/12/04,IVZ,0.03
01/12/04,IXYS,1.86
01/12/04,JACK,3.92
01/12/04,JAH,7.99
01/12/04,JAKK,14.28
01/12/04,JAXB,0.23
01/12/04,JBHT,5.26
01/12/04,JBL,2.06
01/12/04,JBLU,7.75
01/12/04,JBSS,4.33
01/12/04,JCI,1.18
01/12/04,JCOM,15.06
01/12/04,JCP,4.58
01/12/04,JCS,0.07
01/12/04,JEC,0.95
01/12/04,JJSF,0.43
01/12/04,JKHY,0.99
01/12/04,JLL,0.25
01/12/04,JNJ,0.7
01/12/04,JNP,7.58
01/12/04,JNPR,10.16
01/12/04,JNS,3.38
01/12/04,JOB,0.08
01/12/04,JOE,1.39
01/12/04,JOSB,30.98
01/12/04,JOUT,0.43
01/12/04,JOY,4.6
01/12/04,JPM,1.02
01/12/04,JRN,0.07
01/12/04,JST,0.13
01/12/04,JW.A,0.22
01/12/04,JWN,2.22
01/12/04,K,0.87
01/12/04,KAI,1.79
01/12/04,KAMN,0.53
01/12/04,KATE,1.21
01/12/04,KBAL,0.13
01/12/04,KBH,6.98
01/12/04,KCLI,0.27
01/12/04,KEG,2.5
01/12/04,KELYA,1.72
01/12/04,KEM,3.24
01/12/04,KEQU,0.13
01/12/04,KERX,1.08
01/12/04,KEX,2.01
01/12/04,KEY,1.47
01/12/04,KFRC,3.65
01/12/04,KFY,2.42
01/12/04,KIM,0.67
01/12/04,KIRK,1.04
01/12/04,KKD,19.63
01/12/04,KLAC,6.4
01/12/04,KLIC,11.32
01/12/04,KMB,0.95
01/12/04,KMG,0.03
01/12/04,KMP,2.18
01/12/04,KMPR,2.15
01/12/04,KMR,0.57
01/12/04,KMT,0.93
01/12/04,KMX,6.72
01/12/04,KND,8.87
01/12/04,KNX,2.03
01/12/04,KO,0.71
01/12/04,KOOL,1.34
01/12/04,KOPN,2.77
01/12/04,KOSS,0.02
01/12/04,KR,1.97
01/12/04,KRC,2.46
01/12/04,KRO,0.18
01/12/04,KSS,3.18
01/12/04,KSU,7.53
01/12/04,KTCC,0.06
01/12/04,KTEC,0.23
01/12/04,KTOS,4.62
01/12/04,KVHI,36.61
01/12/04,KWR,0.67
01/12/04,L,1.33
01/12/04,LAD,1.54
01/12/04,LAKE,0.15
01/12/04,LAMR,4.7
01/12/04,LANC,1.46
01/12/04,LARK,0.03
01/12/04,LAWS,0.29
01/12/04,LAYN,0.05
01/12/04,LB,0.91
01/12/04,LBAI,2.91
01/12/04,LBY,2.21
01/12/04,LCI,2.79
01/12/04,LCII,0.2
01/12/04,LCUT,4.47
01/12/04,LDL,0.46
01/12/04,LDR,1.3
01/12/04,LECO,0.68
01/12/04,LEE,2.39
01/12/04,LEG,2.06
01/12/04,LEN,8.14
01/12/04,LEU,0.69
01/12/04,LF,9.69
01/12/04,LFUS,0.76
01/12/04,LGF.B,0.64
01/12/04,LGL,0.26
01/12/04,LGND,11.5
01/12/04,LH,2.45
01/12/04,LHO,0.79
01/12/04,LII,2.12
01/12/04,LIME,1.72
01/12/04,LINK,0.08
01/12/04,LION,0.02
01/12/04,LIOX,5.05
01/12/04,LIVN,9.19
01/12/04,LJPC,0.75
01/12/04,LKFN,0.17
01/12/04,LKQ,0.14
01/12/04,LLL,4.23
01/12/04,LLTC,2.31
01/12/04,LLY,0.92
01/12/04,LM,2.86
01/12/04,LMIA,0.02
01/12/04,LMNX,4.26
01/12/04,LMT,1.4
01/12/04,LNBB,0.3
01/12/04,LNC,0.95
01/12/04,LNCE,0.7
01/12/04,LNDC,0.73
01/12/04,LNG,0.5
01/12/04,LNN,2.18
01/12/04,LNT,1.48
01/12/04,LOAN,0.28
01/12/04,LOGI,0.72
01/12/04,LOJN,0.2
01/12/04,LOOK,3.24
01/12/04,LOW,1.42
01/12/04,LPNT,10.04
01/12/04,LPSN,1.75
01/12/04,LPT,0.67
01/12/04,LPTH,1.91
01/12/04,LPX,6.81
01/12/04,LRAD,2.53
01/12/04,LRCX,7.13
01/12/04,LSBG,0.08
01/12/04,LSBI,0.04
01/12/04,LSCC,6.82
01/12/04,LSI,1.47
01/12/04,LSTR,1.7
01/12/04,LTC,2.26
01/12/04,LTRE,5.23
01/12/04,LTRX,1.2
01/12/04,LTS,0.09
01/12/04,LUB,3.39
01/12/04,LUK,2.44
01/12/04,LUV,1.54
01/12/04,LVLT,7.84
01/12/04,LXK,2.5
01/12/04,LXP,0.75
01/12/04,LXRX,0.79
01/12/04,LXU,0.63
01/12/04,LYTS,0.25
01/12/04,LZB,6.51
01/12/04,M,3.44
01/12/04,MAA,1.23
01/12/04,MAC,1.35
01/12/04,MAN,3.31
01/12/04,MANH,13.69
01/12/04,MANT,2.69
01/12/04,MAR,2.99
01/12/04,MARPS,0.09
01/12/04,MAS,1.95
01/12/04,MAT,2.4
01/12/04,MATN,16.3
01/12/04,MATR,0.1
01/12/04,MATW,0.84
01/12/04,MATX,0.6
01/12/04,MBFI,0.34
01/12/04,MBI,4.08
01/12/04,MBOT,0.12
01/12/04,MBRG,0.19
01/12/04,MBTF,0.24
01/12/04,MBVT,0.21
01/12/04,MBVX,6.07
01/12/04,MBWM,0.84
01/12/04,MCBC,0.66
01/12/04,MCD,0.75
01/12/04,MCGC,1.83
01/12/04,MCHP,2.44
01/12/04,MCK,1.49
01/12/04,MCO,1.53
01/12/04,MCRI,0.12
01/12/04,MCRL,4.19
01/12/04,MCRS,3.97
01/12/04,MCS,0.31
01/12/04,MCY,1.1
01/12/04,MD,2.71
01/12/04,MDC,3.08
01/12/04,MDCA,0.03
01/12/04,MDCI,1.73
01/12/04,MDCO,10.62
01/12/04,MDLZ,0.48
01/12/04,MDP,0.8
01/12/04,MDR,2.23
01/12/04,MDRX,0.56
01/12/04,MDSY,0.2
01/12/04,MDT,0.79
01/12/04,MDU,0.53
01/12/04,MEAS,6.74
01/12/04,MED,11.96
01/12/04,MEG,0.31
01/12/04,MEI,0.55
01/12/04,MENT,6.87
01/12/04,MERC,0.23
01/12/04,MET,0.67
01/12/04,METR,0.06
01/12/04,MFA,1.39
01/12/04,MFCB,1.42
01/12/04,MFIN,2.76
01/12/04,MFNC,0.02
01/12/04,MFSF,0.24
01/12/04,MGAM,23.25
01/12/04,MGCD,0.01
01/12/04,MGEE,0.35
01/12/04,MGIC,0.01
01/12/04,MGM,1.01
01/12/04,MGPI,0.03
01/12/04,MGRC,0.44
01/12/04,MHK,2.48
01/12/04,MHO,4.3
01/12/04,MICR,15.08
01/12/04,MIDD,4.78
01/12/04,MIL,2.32
01/12/04,MIND,0.07
01/12/04,MINI,14.56
01/12/04,MITK,0.26
01/12/04,MKC,1.29
01/12/04,MKL,2.77
01/12/04,MKSI,4.57
01/12/04,MLAB,0.12
01/12/04,MLHR,2.09
01/12/04,MLI,0.84
01/12/04,MLM,2
01/12/04,MLNK,1.47
01/12/04,MLP,0.34
01/12/04,MLR,0.43
01/12/04,MLSS,0.39
01/12/04,MMAC,0.34
01/12/04,MMC,1.23
01/12/04,MMLP,0.06
01/12/04,MMM,1.17
01/12/04,MMP,0.58
01/12/04,MMS,4.11
01/12/04,MMSI,3.37
01/12/04,MNDO,0.05
01/12/04,MNI,0.59
01/12/04,MNR,0.12
01/12/04,MNRO,0.32
01/12/04,MNTG,0.86
01/12/04,MO,0.95
01/12/04,MOCO,0.01
01/12/04,MOD,0.57
01/12/04,MOG.A,1.57
01/12/04,MOH,3.31
01/12/04,MON,1.23
01/12/04,MOSY,14.89
01/12/04,MOV,0.28
01/12/04,MOVE,6.1
01/12/04,MPX,0.11
01/12/04,MRCY,6.46
01/12/04,MRGE,5.33
01/12/04,MRH,0.68
01/12/04,MRK,0.58
01/12/04,MRLN,1.32
01/12/04,MRO,1.01
01/12/04,MRTN,0.11
01/12/04,MRVC,9.86
01/12/04,MRVL,3.95
01/12/04,MS,0.98
01/12/04,MSA,0.28
01/12/04,MSB,0.05
01/12/04,MSCC,6.4
01/12/04,MSEX,0.31
01/12/04,MSFG,0.24
01/12/04,MSFT,1.8
01/12/04,MSI,1.88
01/12/04,MSL,0.3
01/12/04,MSM,0.3
01/12/04,MSN,0.92
01/12/04,MSO,5.72
01/12/04,MSON,0.03
01/12/04,MSTR,6.47
01/12/04,MTB,0.78
01/12/04,MTD,1.3
01/12/04,MTEX,4.02
01/12/04,MTG,9.93
01/12/04,MTH,6.22
01/12/04,MTN,1.7
01/12/04,MTOR,1.97
01/12/04,MTRN,1.12
01/12/04,MTRX,6.09
01/12/04,MTSC,0.59
01/12/04,MTSL,0.1
01/12/04,MTSN,2.46
01/12/04,MTW,2.5
01/12/04,MTX,2.19
01/12/04,MTZ,1.23
01/12/04,MU,7.22
01/12/04,MUR,1.91
01/12/04,MVIS,10.74
01/12/04,MWE,0.14
01/12/04,MWV,1.22
01/12/04,MWW,11.86
01/12/04,MXIM,3.38
01/12/04,MXWL,2.85
01/12/04,MYE,0.23
01/12/04,MYGN,12.13
01/12/04,MYL,0.9
01/12/04,NAII,0.01
01/12/04,NANO,8.4
01/12/04,NASB,0.24
01/12/04,NAT,4.08
01/12/04,NATH,0.49
01/12/04,NATI,4.58
01/12/04,NATR,0.34
01/12/04,NAV,11.02
01/12/04,NAVG,0.46
01/12/04,NBBC,0.83
01/12/04,NBIX,6.47
01/12/04,NBL,2.2
01/12/04,NBN,0.06
01/12/04,NBR,5.51
01/12/04,NBTB,1.27
01/12/04,NBTF,0
01/12/04,NC,0.43
01/12/04,NCI,5.15
01/12/04,NCR,4.85
01/12/04,NCS,0.91
01/12/04,NDSN,1.33
01/12/04,NE,2.15
01/12/04,NEE,2.27
01/12/04,NEM,2.83
01/12/04,NEOG,0.15
01/12/04,NEON,0.38
01/12/04,NEU,0.32
01/12/04,NEWP,5.17
01/12/04,NEWT,0.14
01/12/04,NFG,1.3
01/12/04,NFLX,37.34
01/12/04,NFX,2.32
01/12/04,NGS,0.81
01/12/04,NHC,0.49
01/12/04,NHI,0.7
01/12/04,NHLD,0.01
01/12/04,NI,2.34
01/12/04,NICK,0.07
01/12/04,NJR,1.15
01/12/04,NKE,3
01/12/04,NKSH,0.23
01/12/04,NKTR,10.64
01/12/04,NL,0.55
01/12/04,NLS,20.08
01/12/04,NLY,8.19
01/12/04,NMRX,0.04
01/12/04,NNBR,0.35
01/12/04,NNI,0.57
01/12/04,NNN,0.62
01/12/04,NOC,2.71
01/12/04,NOV,2.2
01/12/04,NOVB,0.06
01/12/04,NPBC,1.33
01/12/04,NPK,0.79
01/12/04,NPO,1.16
01/12/04,NPSP,19.81
01/12/04,NR,1.22
01/12/04,NRCIB,0.05
01/12/04,NRIM,0.11
01/12/04,NS,1.35
01/12/04,NSC,1.25
01/12/04,NSEC,0.03
01/12/04,NSIT,1.98
01/12/04,NSP,15.69
01/12/04,NSSC,12.57
01/12/04,NSYS,0.14
01/12/04,NTAP,4.7
01/12/04,NTCT,0.24
01/12/04,NTGR,9.71
01/12/04,NTIC,0.02
01/12/04,NTN,1.55
01/12/04,NTP,1.04
01/12/04,NTRS,1.68
01/12/04,NTWK,0.21
01/12/04,NUAN,5.63
01/12/04,NUE,6.95
01/12/04,NUS,2.59
01/12/04,NUTR,0.18
01/12/04,NVAX,1.07
01/12/04,NVDA,10.49
01/12/04,NVEC,7.26
01/12/04,NVMI,0.08
01/12/04,NVR,11.35
01/12/04,NWBI,0.39
01/12/04,NWFL,0.07
01/12/04,NWL,4.22
01/12/04,NWLI,0.21
01/12/04,NWN,1.46
01/12/04,NWPX,0.28
01/12/04,NXST,0.04
01/12/04,NYCB,2.98
01/12/04,NYMX,0.07
01/12/04,NYNY,0.37
01/12/04,NYT,1.6
01/12/04,O,0.38
01/12/04,OA,1.85
01/12/04,OBAS,0.12
01/12/04,OBCI,0.02
01/12/04,OCC,0.37
01/12/04,OCFC,0.71
01/12/04,OCN,1.29
01/12/04,OCR,4.63
01/12/04,ODC,0.06
01/12/04,ODFL,1.91
01/12/04,ODP,2.18
01/12/04,OFC,1.78
01/12/04,OFG,1.78
01/12/04,OFIX,0.57
01/12/04,OGE,2.01
01/12/04,OGXI,1.86
01/12/04,OHI,0.61
01/12/04,OI,1.82
01/12/04,OII,2.5
01/12/04,OIS,1.13
01/12/04,OKE,3.37
01/12/04,OKS,0.18
01/12/04,OKSB,0.18
01/12/04,OLED,6.91
01/12/04,OLN,8.6
01/12/04,OMC,2.52
01/12/04,OMCL,2.25
01/12/04,OME,0.38
01/12/04,OMEX,0.11
01/12/04,OMG,7.98
01/12/04,OMI,1.36
01/12/04,OMN,0.48
01/12/04,ON,1.5
01/12/04,ONB,1.37
01/12/04,ONFC,0.25
01/12/04,ONVI,1.08
01/12/04,OPK,0.08
01/12/04,OPLK,0.32
01/12/04,OPOF,0.66
01/12/04,OPY,0.37
01/12/04,ORBK,0.87
01/12/04,ORBT,0.14
01/12/04,ORCL,1.06
01/12/04,ORI,0.24
01/12/04,ORLY,8.3
01/12/04,OSBC,0.3
01/12/04,OSIS,9.37
01/12/04,OSK,1.01
01/12/04,OSTK,21.17
01/12/04,OSUR,3.22
01/12/04,OTIV,1.1
01/12/04,OTTR,0.81
01/12/04,OUTR,19.11
01/12/04,OVRL,0.33
01/12/04,OVTI,13.04
01/12/04,OXM,5.96
01/12/04,OXY,1.8
01/12/04,OZRK,4.86
01/12/04,PAA,1.72
01/12/04,PACW,0.96
01/12/04,PAG,2.21
01/12/04,PAR,1.33
01/12/04,PATK,0.33
01/12/04,PAYX,1.84
01/12/04,PB,1.17
01/12/04,PBCT,2.66
01/12/04,PBI,0.73
01/12/04,PBT,1.38
01/12/04,PBY,5.85
01/12/04,PCAR,1.96
01/12/04,PCBK,0.01
01/12/04,PCG,2.21
01/12/04,PCH,5.89
01/12/04,PCL,2.24
01/12/04,PCLN,14.48
01/12/04,PCMI,2.17
01/12/04,PCP,2.09
01/12/04,PCTI,2.33
01/12/04,PCYC,3.04
01/12/04,PDCE,0.62
01/12/04,PDCO,4.11
01/12/04,PDEX,0.2
01/12/04,PDFS,1.3
01/12/04,PDLI,8.65
01/12/04,PEBO,0.49
01/12/04,PEG,1.86
01/12/04,PEGA,0.71
01/12/04,PENN,1.66
01/12/04,PENX,0.27
01/12/04,PEP,0.71
01/12/04,PERF,0.16
01/12/04,PERY,2
01/12/04,PES,0.03
01/12/04,PESI,0.03
01/12/04,PETM,4.12
01/12/04,PFBI,0.36
01/12/04,PFBX,0.01
01/12/04,PFE,0.63
01/12/04,PFG,0.71
01/12/04,PFIN,0.09
01/12/04,PFS,2.14
01/12/04,PFSW,4.38
01/12/04,PG,1.07
01/12/04,PGC,0.3
01/12/04,PGI,10.88
01/12/04,PGNX,2.5
01/12/04,PGR,1.11
01/12/04,PH,2.12
01/12/04,PHII,0.17
01/12/04,PHM,4.42
01/12/04,PHMD,1.53
01/12/04,PHX,0.1
01/12/04,PICO,0.56
01/12/04,PII,14.15
01/12/04,PIR,1.86
01/12/04,PJC,3.57
01/12/04,PKBK,0.07
01/12/04,PKD,0.34
01/12/04,PKE,2.22
01/12/04,PKG,1.63
01/12/04,PKI,1.78
01/12/04,PKOH,0.49
01/12/04,PL,1.38
01/12/04,PLAB,8.03
01/12/04,PLCE,8.66
01/12/04,PLCM,3.21
01/12/04,PLD,1.58
01/12/04,PLNR,4.38
01/12/04,PLPC,0.03
01/12/04,PLT,3.29
01/12/04,PLUG,5.51
01/12/04,PLUS,0.35
01/12/04,PLXS,5.64
01/12/04,PLXT,1.13
01/12/04,PMBC,0.05
01/12/04,PMCS,8.21
01/12/04,PMD,0.64
01/12/04,PMFG,0.05
01/12/04,PNBK,0.33
01/12/04,PNC,0.98
01/12/04,PNFP,0.23
01/12/04,PNM,1.93
01/12/04,PNRA,24.17
01/12/04,PNRG,0.07
01/12/04,PNW,4.78
01/12/04,PNY,7.1
01/12/04,POL,1.75
01/12/04,POM,2.08
01/12/04,POOL,2.57
01/12/04,POPE,0.03
01/12/04,POWI,8.6
01/12/04,POWL,0.42
01/12/04,PPBI,0.1
01/12/04,PPC,0.4
01/12/04,PPG,0.88
01/12/04,PPHM,1.43
01/12/04,PPIH,0.01
01/12/04,PPL,2.49
01/12/04,PPS,2.95
01/12/04,PQ,0.23
01/12/04,PRA,3.19
01/12/04,PRAA,21.46
01/12/04,PRCP,0.02
01/12/04,PRE,1.27
01/12/04,PRFT,0.08
01/12/04,PRGO,3.92
01/12/04,PRGS,1.01
01/12/04,PRGX,6.22
01/12/04,PRK,0.48
01/12/04,PRKR,8.71
01/12/04,PRLS,0.13
01/12/04,PROV,0.35
01/12/04,PRPH,1.52
01/12/04,PRSC,0.09
01/12/04,PRU,0.89
01/12/04,PRXL,2.82
01/12/04,PRZM,0.26
01/12/04,PSA,0.68
01/12/04,PSB,0.95
01/12/04,PSEM,1.4
01/12/04,PSMT,1.04
01/12/04,PTC,0.71
01/12/04,PTEN,4.37
01/12/04,PTIE,2.73
01/12/04,PTN,0.79
01/12/04,PTP,4.4
01/12/04,PTRY,0.8
01/12/04,PTSI,0.73
01/12/04,PTX,0.04
01/12/04,PULB,1.03
01/12/04,PULS,1.58
01/12/04,PVH,2.63
01/12/04,PVTB,6.13
01/12/04,PW,0.17
01/12/04,PWOD,0.29
01/12/04,PWR,3.6
01/12/04,PWX,0.03
01/12/04,PX,1.01
01/12/04,PXD,2.16
01/12/04,PXLW,7.63
01/12/04,PZZA,23.18
01/12/04,QBAK,0.46
01/12/04,QCOM,3.39
01/12/04,QCRH,0.3
01/12/04,QDEL,3.78
01/12/04,QGEN,2.27
01/12/04,QLGC,6.76
01/12/04,QLTY,0.53
01/12/04,QSII,2.87
01/12/04,QTM,5.42
01/12/04,QUIK,0.35
01/12/04,QUMU,0.07
01/12/04,R,2.06
01/12/04,RAD,2.96
01/12/04,RADA,0.01
01/12/04,RAI,8.21
01/12/04,RAND,0.01
01/12/04,RAS,1.19
01/12/04,RAVE,0.1
01/12/04,RAVN,0.22
01/12/04,RBC,1.01
01/12/04,RBCAA,0.12
01/12/04,RBPAA,0.14
01/12/04,RCII,1.16
01/12/04,RCKY,1.16
01/12/04,RCL,4.15
01/12/04,RCMT,0.08
01/12/04,RDC,6.4
01/12/04,RDCM,0.01
01/12/04,RDEN,1.12
01/12/04,RDI,1.15
01/12/04,RDN,1.6
01/12/04,RDWR,1.7
01/12/04,RE,1.24
01/12/04,RECN,4.44
01/12/04,REFR,12.3
01/12/04,REG,4.24
01/12/04,REGN,5.26
01/12/04,REIS,0.03
01/12/04,RELL,0.63
01/12/04,RELV,0.02
01/12/04,RENT,0.27
01/12/04,RES,0.11
01/12/04,REV,4.54
01/12/04,REX,3.68
01/12/04,REXI,0.49
01/12/04,RF,1.18
01/12/04,RFIL,0.08
01/12/04,RFMD,10.13
01/12/04,RGC,3.24
01/12/04,RGCO,0.16
01/12/04,RGEN,18.63
01/12/04,RGLD,13.17
01/12/04,RGR,1.74
01/12/04,RGS,0.75
01/12/04,RHI,5.04
01/12/04,RHP,3.76
01/12/04,RHT,6.8
01/12/04,RICK,0.08
01/12/04,RIG,4.74
01/12/04,RIGL,0.26
01/12/04,RITT,0.03
01/12/04,RIVR,0.25
01/12/04,RJF,2.31
01/12/04,RL,1.81
01/12/04,RLH,0.02
01/12/04,RLI,2.63
01/12/04,RMBS,4.11
01/12/04,RMCF,0.2
01/12/04,RMD,6.5
01/12/04,RMTI,0.06
01/12/04,RNR,2.77
01/12/04,RNST,0.32
01/12/04,RNVA,0.9
01/12/04,RNWK,3.47
01/12/04,ROCK,0.51
01/12/04,ROG,0.69
01/12/04,ROIA,0.4
01/12/04,ROK,1.24
01/12/04,ROL,1.89
01/12/04,ROP,3.91
01/12/04,ROST,2.14
01/12/04,ROYL,0.07
01/12/04,RPM,1.01
01/12/04,RPRX,1.19
01/12/04,RPT,1
01/12/04,RPTP,8.82
01/12/04,RRC,0.79
01/12/04,RRD,8.63
01/12/04,RRGB,4.74
01/12/04,RS,0.93
01/12/04,RSG,0.53
01/12/04,RSTI,1.51
01/12/04,RSYS,6.59
01/12/04,RT,4.86
01/12/04,RTEC,18.06
01/12/04,RTI,0.59
01/12/04,RTIX,5.17
01/12/04,RTN,0.74
01/12/04,RVLT,0.43
01/12/04,RVP,1.58
01/12/04,RVSB,0.31
01/12/04,RWT,1.78
01/12/04,RYN,3.59
01/12/04,S,1.2
01/12/04,SAFM,0.28
01/12/04,SAFT,0.68
01/12/04,SAH,5.54
01/12/04,SAIA,1
01/12/04,SAL,0.1
01/12/04,SALM,0.61
01/12/04,SAM,4.14
01/12/04,SANM,2.51
01/12/04,SAPE,1.96
01/12/04,SASR,1.29
01/12/04,SBAC,2.83
01/12/04,SBBX,0.26
01/12/04,SBCF,0.27
01/12/04,SBFG,0.07
01/12/04,SBGI,2.3
01/12/04,SBR,0.23
01/12/04,SBSI,0.24
01/12/04,SBUX,4.26
01/12/04,SCCO,0.62
01/12/04,SCG,1.76
01/12/04,SCHL,5.44
01/12/04,SCHN,13.3
01/12/04,SCHW,2.29
01/12/04,SCI,1.31
01/12/04,SCKT,2.43
01/12/04,SCL,0.29
01/12/04,SCLN,3.04
01/12/04,SCNB,1.72
01/12/04,SCON,5.92
01/12/04,SCS,1.48
01/12/04,SCSC,5.94
01/12/04,SCSS,4.56
01/12/04,SCVL,2.94
01/12/04,SCX,0.23
01/12/04,SEAC,7.07
01/12/04,SEB,0.07
01/12/04,SEE,5.15
01/12/04,SEIC,1.74
01/12/04,SENEA,0.02
01/12/04,SEV,0.13
01/12/04,SF,0.34
01/12/04,SFE,0.45
01/12/04,SFG,0.54
01/12/04,SFNC,0.23
01/12/04,SGC,0.01
01/12/04,SGEN,0.8
01/12/04,SGK,0.2
01/12/04,SGMA,3.48
01/12/04,SGMO,0.28
01/12/04,SGMS,5.35
01/12/04,SGRP,0.02
01/12/04,SGU,0.15
01/12/04,SGY,3.93
01/12/04,SHBI,1.59
01/12/04,SHEN,0.22
01/12/04,SHLD,10.65
01/12/04,SHLM,2.69
01/12/04,SHLO,0.19
01/12/04,SHOO,1.01
01/12/04,SHW,0.88
01/12/04,SIAL,7.82
01/12/04,SIEB,0.14
01/12/04,SIF,0.03
01/12/04,SIG,1.81
01/12/04,SIGA,0.28
01/12/04,SIGI,2.39
01/12/04,SIGM,13.15
01/12/04,SILC,0.1
01/12/04,SIMG,2.83
01/12/04,SINA,13.08
01/12/04,SIRI,4.27
01/12/04,SIVB,7.37
01/12/04,SJI,0.83
01/12/04,SJM,1.81
01/12/04,SJT,1.39
01/12/04,SJW,0.14
01/12/04,SKT,0.72
01/12/04,SKX,2.84
01/12/04,SKY,0.85
01/12/04,SKYW,2.23
01/12/04,SLAB,7.38
01/12/04,SLB,1.46
01/12/04,SLG,2.4
01/12/04,SLGN,0.71
01/12/04,SLI,0.03
01/12/04,SLM,2.53
01/12/04,SLXP,4.27
01/12/04,SM,5.13
01/12/04,SMBC,0.14
01/12/04,SMG,3.45
01/12/04,SMP,4.41
01/12/04,SMRT,0.44
01/12/04,SMSI,2.77
01/12/04,SMTC,5.04
01/12/04,SMTX,0.64
01/12/04,SNA,2.06
01/12/04,SNAK,0.16
01/12/04,SNBC,1.21
01/12/04,SNDK,12.88
01/12/04,SNFCA,0.19
01/12/04,SNH,1.36
01/12/04,SNHY,0.02
01/12/04,SNPS,3.63
01/12/04,SNV,2.31
01/12/04,SNX,0.12
01/12/04,SO,1.51
01/12/04,SOCB,0.52
01/12/04,SOFO,2.16
01/12/04,SOHU,11.1
01/12/04,SON,1.09
01/12/04,SONC,2.93
01/12/04,SONS,5.04
01/12/04,SPAN,0.21
01/12/04,SPAR,0.76
01/12/04,SPDC,0.69
01/12/04,SPEX,5.42
01/12/04,SPG,1.58
01/12/04,SPGI,0.95
01/12/04,SPH,0.27
01/12/04,SPLS,0.98
01/12/04,SPN,0.25
01/12/04,SPNC,0.02
01/12/04,SPPI,3.81
01/12/04,SPRT,4.45
01/12/04,SPTN,0.03
01/12/04,SPXC,5.17
01/12/04,SQNM,0.07
01/12/04,SR,1.27
01/12/04,SRCE,0.94
01/12/04,SRCL,4.5
01/12/04,SRDX,30.73
01/12/04,SRE,1.49
01/12/04,SRI,0.2
01/12/04,SRPT,4.79
01/12/04,SRT,0.5
01/12/04,SSB,0.23
01/12/04,SSD,0.91
01/12/04,SSI,9.58
01/12/04,SSP,1.2
01/12/04,SSY,0.09
01/12/04,SSYS,18.87
01/12/04,STAA,15.43
01/12/04,STAR,1.57
01/12/04,STBA,0.46
01/12/04,STC,2.59
01/12/04,STE,1.48
01/12/04,STFC,0.12
01/12/04,STI,0.94
01/12/04,STJ,0.94
01/12/04,STL,2.13
01/12/04,STLD,10.7
01/12/04,STLY,0.24
01/12/04,STMP,2.12
01/12/04,STNR,0.08
01/12/04,STR,0.67
01/12/04,STRA,3.7
01/12/04,STRM,0.05
01/12/04,STRT,0.35
01/12/04,STT,1.36
01/12/04,STX,1.27
01/12/04,STZ,2.59
01/12/04,SUI,0.83
01/12/04,SUP,9.51
01/12/04,SURG,0.17
01/12/04,SUSQ,1.63
01/12/04,SVBI,0.06
01/12/04,SVU,2.6
01/12/04,SWC,0.81
01/12/04,SWK,1.9
01/12/04,SWKS,7.99
01/12/04,SWM,0.77
01/12/04,SWN,5.15
01/12/04,SWS,5.27
01/12/04,SWX,1.2
01/12/04,SWY,2.51
01/12/04,SXCL,0.74
01/12/04,SXI,0.34
01/12/04,SXL,0.05
01/12/04,SXT,7.46
01/12/04,SYBT,0.3
01/12/04,SYK,1.51
01/12/04,SYKE,0.82
01/12/04,SYMC,6.36
01/12/04,SYNA,1.97
01/12/04,SYNM,0.94
01/12/04,SYNT,0.65
01/12/04,SYPR,0.89
01/12/04,SYX,0.06
01/12/04,SYY,1.46
01/12/04,T,0.89
01/12/04,TACT,0.6
01/12/04,TAIT,0.02
01/12/04,TAP,4.81
01/12/04,TARO,3.98
01/12/04,TATT,0.07
01/12/04,TAYC,0.27
01/12/04,TBI,12.17
01/12/04,TCB,2.4
01/12/04,TCBI,0.7
01/12/04,TCBK,0.69
01/12/04,TCI,0.2
01/12/04,TCO,0.68
01/12/04,TCP,0.32
01/12/04,TDS,1.45
01/12/04,TDW,6.24
01/12/04,TDY,1.06
01/12/04,TE,10.46
01/12/04,TECD,3.66
01/12/04,TECH,3.93
01/12/04,TECU,1.53
01/12/04,TEG,3.52
01/12/04,TELL,0.02
01/12/04,TEN,1.29
01/12/04,TER,4.6
01/12/04,TESO,1.08
01/12/04,TESS,0.11
01/12/04,TEX,3.53
01/12/04,TFX,1.52
01/12/04,TG,0.78
01/12/04,TGC,0.14
01/12/04,TGI,2.29
01/12/04,TGNA,0.95
01/12/04,TGT,1.19
01/12/04,THC,2.9
01/12/04,THFF,0.23
01/12/04,THG,3.35
01/12/04,THO,2.69
01/12/04,THOR,7.83
01/12/04,THRD,0.01
01/12/04,THRM,0.9
01/12/04,TIBX,1.99
01/12/04,TICC,0.35
01/12/04,TIF,2.02
01/12/04,TIGR,0.02
01/12/04,TILE,0.99
01/12/04,TISI,0.06
01/12/04,TIVO,2.47
01/12/04,TJX,1.87
01/12/04,TK,2.06
01/12/04,TKR,6.62
01/12/04,TLF,0.36
01/12/04,TLRD,4.12
01/12/04,TMK,1.67
01/12/04,TMO,0.94
01/12/04,TMP,0.37
01/12/04,TNC,0.5
01/12/04,TNH,0.1
01/12/04,TNP,0.13
01/12/04,TOL,8.12
01/12/04,TORM,0.67
01/12/04,TPC,0.16
01/12/04,TPL,0.46
01/12/04,TPX,0.22
01/12/04,TQNT,3.22
01/12/04,TR,0.84
01/12/04,TRC,0.75
01/12/04,TREX,12.77
01/12/04,TRK,1.52
01/12/04,TRMB,7.31
01/12/04,TRMK,0.29
01/12/04,TRN,18.06
01/12/04,TRNS,0.04
01/12/04,TROW,3.02
01/12/04,TRR,12.42
01/12/04,TRST,1.72
01/12/04,TRT,0.03
01/12/04,TRV,5.56
01/12/04,TSBK,0.03
01/12/04,TSCO,3.84
01/12/04,TSN,1.37
01/12/04,TSO,6.86
01/12/04,TSRI,0.3
01/12/04,TSS,2.13
01/12/04,TST,1.67
01/12/04,TSYS,2.23
01/12/04,TTC,1.58
01/12/04,TTEC,1.97
01/12/04,TTEK,4.15
01/12/04,TTI,1.66
01/12/04,TTMI,7.39
01/12/04,TTNP,1.15
01/12/04,TTWO,17.11
01/12/04,TUES,1.34
01/12/04,TUP,3.5
01/12/04,TURN,7.21
01/12/04,TVTY,28.1
01/12/04,TW,1.76
01/12/04,TWI,0.99
01/12/04,TWIN,0.29
01/12/04,TWMC,8.07
01/12/04,TWTC,1.89
01/12/04,TWX,1.45
01/12/04,TXI,5.49
01/12/04,TXN,1.51
01/12/04,TXT,1.55
01/12/04,TYC,2.84
01/12/04,TYL,0.81
01/12/04,UBCP,0.02
01/12/04,UBFO,1.9
01/12/04,UBP,0.01
01/12/04,UBSH,1.24
01/12/04,UBSI,1.04
01/12/04,UCBI,0.8
01/12/04,UCFC,1.54
01/12/04,UDR,0.99
01/12/04,UEIC,0.82
01/12/04,UFCS,0.24
01/12/04,UFI,1.38
01/12/04,UFPI,3.44
01/12/04,UFPT,0.02
01/12/04,UFS,0.46
01/12/04,UG,0.02
01/12/04,UGI,0.96
01/12/04,UHAL,1.17
01/12/04,UHS,3.41
01/12/04,UHT,0.37
01/12/04,UIL,5.13
01/12/04,UIS,1.31
01/12/04,ULBI,6.3
01/12/04,ULTI,0.79
01/12/04,UMBF,0.64
01/12/04,UMH,0.29
01/12/04,UMPQ,2.59
01/12/04,UNAM,0.05
01/12/04,UNF,0.24
01/12/04,UNFI,4.03
01/12/04,UNH,3.37
01/12/04,UNM,3.35
01/12/04,UNP,0.95
01/12/04,UNS,2.56
01/12/04,UNT,1.4
01/12/04,UNTD,13.13
01/12/04,UPL,1.49
01/12/04,UPS,2
01/12/04,UQM,0.03
01/12/04,URBN,6.83
01/12/04,URI,4.53
01/12/04,USAK,0.19
01/12/04,USAP,0.1
01/12/04,USB,0.67
01/12/04,USEG,0.07
01/12/04,USG,17.94
01/12/04,USLM,0.04
01/12/04,USM,1.71
01/12/04,USNA,16.48
01/12/04,USPH,2.92
01/12/04,UTEK,4.35
01/12/04,UTHR,12.61
01/12/04,UTI,0.1
01/12/04,UTIW,1.28
01/12/04,UTL,0.01
01/12/04,UTMD,0.15
01/12/04,UTSI,9.07
01/12/04,UTX,0.66
01/12/04,UUU,0.04
01/12/04,UVSP,0.06
01/12/04,UVV,2.01
01/12/04,UWN,0.91
01/12/04,VAL,0.63
01/12/04,VALU,0.17
01/12/04,VAR,1.68
01/12/04,VASC,0.18
01/12/04,VBFC,0.05
01/12/04,VDSI,3.48
01/12/04,VECO,7.39
01/12/04,VFC,1.78
01/12/04,VGR,5.3
01/12/04,VGZ,0.27
01/12/04,VHI,0.16
01/12/04,VIAV,3.62
01/12/04,VICL,0.21
01/12/04,VICR,0.85
01/12/04,VIDE,6.14
01/12/04,VIRC,0.03
01/12/04,VISI,0.28
01/12/04,VIVE,0.12
01/12/04,VIVO,0.56
01/12/04,VLO,3.37
01/12/04,VLY,1.49
01/12/04,VMC,1.35
01/12/04,VMI,0.53
01/12/04,VNO,1.21
01/12/04,VOXX,0.7
01/12/04,VRML,2.16
01/12/04,VRNT,1.87
01/12/04,VRSN,4.04
01/12/04,VRTX,4.94
01/12/04,VSAT,1.72
01/12/04,VSB,0.01
01/12/04,VSH,6.47
01/12/04,VSR,0.03
01/12/04,VTR,2.48
01/12/04,VTSS,2.09
01/12/04,VVC,5.32
01/12/04,VVI,0.94
01/12/04,VVUS,4.25
01/12/04,VZ,0.63
01/12/04,WAB,1.13
01/12/04,WABC,2.07
01/12/04,WAC,0.12
01/12/04,WAFD,1.38
01/12/04,WASH,0.25
01/12/04,WAT,2.2
01/12/04,WAYN,0.55
01/12/04,WBA,1.38
01/12/04,WBS,2.4
01/12/04,WCC,0.13
01/12/04,WCFB,0.01
01/12/04,WCIC,6.96
01/12/04,WCN,7.33
01/12/04,WDC,2.11
01/12/04,WDFC,1.24
01/12/04,WDR,2.55
01/12/04,WEC,0.86
01/12/04,WEN,2.08
01/12/04,WERN,1.47
01/12/04,WEYS,0.11
01/12/04,WFC,1.02
01/12/04,WFM,6.07
01/12/04,WFT,2.46
01/12/04,WG,0.34
01/12/04,WGL,2.97
01/12/04,WGO,18.87
01/12/04,WHG,0.37
01/12/04,WHR,3.9
01/12/04,WIBC,0.67
01/12/04,WINA,0.01
01/12/04,WINT,5.45
01/12/04,WIRE,0.73
01/12/04,WLB,1.34
01/12/04,WLFC,0.05
01/12/04,WLL,0.62
01/12/04,WLTW,0.95
01/12/04,WM,1.3
01/12/04,WMAR,12.03
01/12/04,WMB,3.22
01/12/04,WMK,0.16
01/12/04,WMT,0.47
01/12/04,WNC,12.02
01/12/04,WOOF,1.47
01/12/04,WOR,3.4
01/12/04,WPC,0.4
01/12/04,WPP,0.49
01/12/04,WR,0.67
01/12/04,WRB,0.71
01/12/04,WRE,0.88
01/12/04,WRI,0.8
01/12/04,WRK,0.52
01/12/04,WRLD,0.49
01/12/04,WSBC,1.24
01/12/04,WSCI,0.06
01/12/04,WSFS,2.49
01/12/04,WSM,4.15
01/12/04,WSO,0.7
01/12/04,WST,0.62
01/12/04,WSTG,0.07
01/12/04,WSTL,4.38
01/12/04,WTBA,0.9
01/12/04,WTFC,4.92
01/12/04,WTM,0.55
01/12/04,WTR,2.58
01/12/04,WTS,0.81
01/12/04,WTT,0.09
01/12/04,WTW,4.9
01/12/04,WVFC,0.17
01/12/04,WVVI,0.04
01/12/04,WWD,1.63
01/12/04,WWE,0.1
01/12/04,WWW,0.84
01/12/04,WY,1.58
01/12/04,WYNN,7.05
01/12/04,X,13.52
01/12/04,XCRA,6.97
01/12/04,XEC,1.81
01/12/04,XEL,2.26
01/12/04,XL,1.62
01/12/04,XLNX,3.58
01/12/04,XOM,0.5
01/12/04,XOMA,3.13
01/12/04,XRAY,1.62
01/12/04,XRSC,0.02
01/12/04,XRX,6.47
01/12/04,XXIA,0.83
01/12/04,Y,0.18
01/12/04,YDKN,46.39
01/12/04,YHOO,4.77
01/12/04,YORW,0.03
01/12/04,YRCW,15.3
01/12/04,YUM,1.09
01/12/04,ZBH,1.65
01/12/04,ZBRA,3.6
01/12/04,ZEUS,0.22
01/12/04,ZIGO,2.93
01/12/04,ZION,1.47
01/12/04,ZIXI,24.46
01/12/04,ZOOM,0.24